PatientID,TrueLabel,Probability

HN1088,0.0,3.4237996659490675e-06

HN1146,1.0,0.42573007246983496

HN1342,0.0,0.5161339192140743

HN1192,1.0,0.625

HN1331,0.0,0.625

HN1372,1.0,0.6514687950224841

HN1259,0.0,0.7005752770642659

HN1339,0.0,0.7533759621492684

HN1554,1.0,0.9999921467871621

HN1560,1.0,0.9999921467871621
